file,accuracy
results/res2.tsv,53.03666666666666
results/res3.tsv,50.72666666666667
results/res4.tsv,51.68333333333334
results/res0.tsv,49.906666666666666
results/res1.tsv,49.51333333333333
